Region,Year,Energy Recovery,Landfill,Recycling,Waste generated,Waste treatment
Albania,2013,32.0,164.0,0.0,325.0,325.0
Albania,2014,15.0,270.0,0.0,425.0,425.0
Albania,2015,20.0,337.0,0.0,491.0,491.0
Albania,2016,21.0,353.0,0.0,452.0,452.0
Albania,2017,15.0,346.0,0.0,436.0,436.0
Albania,2018,22.0,355.0,0.0,462.0,462.0
Albania,2019,4.0,305.0,0.0,381.0,381.0
Albania,2020,4.0,298.0,67.0,369.0,369.0
Albania,2021,6.0,247.0,58.0,311.0,311.0
Albania,2022,13.0,226.0,56.0,295.0,295.0
Albania,2023,14.0,234.0,57.0,306.0,306.0
Austria,1995,54.0,205.0,221.0,437.0,482.0
Austria,1996,54.0,185.0,321.0,516.0,563.0
Austria,1997,56.0,189.0,338.0,532.0,586.0
Austria,1998,55.0,186.0,342.0,532.0,586.0
Austria,1999,57.0,194.0,357.0,563.0,611.0
Austria,2000,65.0,196.0,368.0,580.0,633.0
Austria,2001,65.0,192.0,371.0,576.0,631.0
Austria,2002,66.0,187.0,380.0,608.0,637.0
Austria,2003,73.0,183.0,390.0,607.0,650.0
Austria,2004,169.0,68.0,329.0,574.0,566.0
Austria,2005,159.0,65.0,335.0,575.0,559.0
Austria,2006,173.0,59.0,353.0,597.0,585.0
Austria,2007,175.0,51.0,359.0,597.0,586.0
Austria,2008,163.0,45.0,380.0,600.0,587.0
Austria,2009,173.0,36.0,365.0,590.0,574.0
Austria,2010,196.0,18.0,334.0,562.0,548.0
Austria,2011,200.0,27.0,325.0,573.0,552.0
Austria,2012,201.0,25.0,334.0,579.0,560.0
Austria,2013,202.0,23.0,334.0,578.0,559.0
Austria,2014,205.0,23.0,319.0,565.0,547.0
Austria,2015,212.0,17.0,318.0,560.0,547.0
Austria,2016,212.0,15.0,325.0,564.0,552.0
Austria,2017,221.0,12.0,329.0,570.0,562.0
Austria,2018,224.0,13.0,334.0,579.0,570.0
Austria,2019,226.0,12.0,342.0,588.0,580.0
Austria,2020,299.0,15.0,519.0,834.0,834.0
Austria,2021,296.0,17.0,521.0,835.0,835.0
Austria,2022,284.0,17.0,503.0,803.0,803.0
Austria,2023,277.0,14.0,491.0,782.0,782.0
Belgium,1995,161.0,198.0,87.0,455.0,446.0
Belgium,1996,153.0,169.0,113.0,450.0,435.0
Belgium,1997,175.0,123.0,157.0,457.0,455.0
Belgium,1998,162.0,101.0,189.0,451.0,452.0
Belgium,1999,147.0,91.0,212.0,460.0,451.0
Belgium,2000,158.0,91.0,234.0,471.0,484.0
Belgium,2001,151.0,74.0,235.0,467.0,460.0
Belgium,2002,170.0,56.0,248.0,482.0,474.0
Belgium,2003,174.0,52.0,246.0,465.0,472.0
Belgium,2004,173.0,57.0,260.0,485.0,489.0
Belgium,2005,180.0,56.0,268.0,482.0,504.0
Belgium,2006,169.0,47.0,272.0,485.0,488.0
Belgium,2007,186.0,47.0,280.0,493.0,513.0
Belgium,2008,184.0,19.0,253.0,480.0,456.0
Belgium,2009,176.0,15.0,252.0,467.0,443.0
Belgium,2010,178.0,7.0,250.0,456.0,436.0
Belgium,2011,182.0,4.0,247.0,455.0,433.0
Belgium,2012,184.0,3.0,237.0,445.0,425.0
Belgium,2013,191.0,4.0,230.0,436.0,425.0
Belgium,2014,185.0,4.0,228.0,425.0,418.0
Belgium,2015,182.0,4.0,220.0,412.0,406.0
Belgium,2016,186.0,3.0,224.0,419.0,419.0
Belgium,2017,176.0,4.0,221.0,411.0,407.0
Belgium,2018,177.0,4.0,222.0,409.0,409.0
Belgium,2019,178.0,4.0,227.0,416.0,416.0
Belgium,2020,353.0,2.0,374.0,729.0,729.0
Belgium,2021,332.0,3.0,420.0,755.0,755.0
Belgium,2022,311.0,1.0,377.0,690.0,690.0
Belgium,2023,303.0,1.0,384.0,688.0,688.0
Belgium,2024,305.0,1.0,393.0,699.0,699.0
Bosnia and Herzegovina,2008,0.0,317.0,0.0,356.0,317.0
Bosnia and Herzegovina,2009,0.0,261.0,0.0,354.0,261.0
Bosnia and Herzegovina,2010,0.0,271.0,0.0,332.0,271.0
Bosnia and Herzegovina,2011,0.0,269.0,0.0,340.0,269.0
Bosnia and Herzegovina,2012,0.0,227.0,0.0,340.0,227.0
Bosnia and Herzegovina,2013,0.0,233.0,0.0,311.0,233.0
Bosnia and Herzegovina,2014,0.0,234.0,0.0,349.0,234.0
Bosnia and Herzegovina,2015,0.0,257.0,0.0,340.0,257.0
Bosnia and Herzegovina,2016,0.0,270.0,0.0,354.0,272.0
Bosnia and Herzegovina,2017,0.0,270.0,0.0,352.0,271.0
Bosnia and Herzegovina,2018,0.0,271.0,0.0,356.0,273.0
Bosnia and Herzegovina,2019,0.0,311.0,0.0,352.0,319.0
Bosnia and Herzegovina,2020,0.0,313.0,0.0,346.0,316.0
Bosnia and Herzegovina,2021,0.0,0.0,0.0,355.0,281.0
Bosnia and Herzegovina,2022,0.0,267.0,3.0,343.0,269.0
Bosnia and Herzegovina,2023,0.0,264.0,3.0,346.0,268.0
Bosnia and Herzegovina,2024,0.0,269.0,4.0,329.0,273.0
Bulgaria,1995,0.0,531.0,0.0,694.0,531.0
Bulgaria,1996,0.0,478.0,0.0,618.0,478.0
Bulgaria,1997,0.0,435.0,0.0,579.0,435.0
Bulgaria,1998,0.0,384.0,94.0,591.0,478.0
Bulgaria,1999,0.0,389.0,94.0,598.0,483.0
Bulgaria,2000,0.0,400.0,95.0,612.0,495.0
Bulgaria,2001,0.0,399.0,96.0,596.0,495.0
Bulgaria,2002,0.0,407.0,98.0,602.0,505.0
Bulgaria,2003,0.0,411.0,100.0,603.0,510.0
Bulgaria,2004,0.0,401.0,103.0,599.0,503.0
Bulgaria,2005,0.0,411.0,107.0,588.0,518.0
Bulgaria,2006,0.0,362.0,110.0,577.0,472.0
Bulgaria,2007,0.0,395.0,114.0,553.0,509.0
Bulgaria,2008,0.0,448.0,116.0,599.0,564.0
Bulgaria,2009,0.0,460.0,119.0,598.0,579.0
Bulgaria,2010,0.0,411.0,136.0,554.0,547.0
Bulgaria,2011,0.0,349.0,133.0,508.0,483.0
Bulgaria,2012,0.0,318.0,115.0,460.0,433.0
Bulgaria,2013,7.0,303.0,125.0,438.0,434.0
Bulgaria,2014,7.0,313.0,104.0,451.0,425.0
Bulgaria,2015,12.0,286.0,127.0,431.0,424.0
Bulgaria,2016,16.0,268.0,133.0,418.0,417.0
Bulgaria,2017,15.0,280.0,157.0,453.0,451.0
Bulgaria,2018,31.0,261.0,134.0,426.0,426.0
Bulgaria,2019,16.0,288.0,161.0,465.0,464.0
Bulgaria,2020,20.0,291.0,152.0,432.0,408.0
Bulgaria,2021,13.0,137.0,132.0,470.0,467.0
Bulgaria,2022,15.0,262.0,120.0,488.0,451.0
Bulgaria,2023,16.0,217.0,82.0,490.0,334.0
Croatia,1997,0.0,0.0,0.0,224.0,0.0
Croatia,2000,0.0,0.0,0.0,262.0,0.0
Croatia,2004,0.0,0.0,0.0,304.0,0.0
Croatia,2005,0.0,0.0,0.0,336.0,0.0
Croatia,2006,0.0,283.0,0.0,384.0,283.0
Croatia,2007,0.0,382.0,13.0,399.0,395.0
Croatia,2008,0.0,401.0,11.0,415.0,413.0
Croatia,2009,0.0,393.0,9.0,405.0,402.0
Croatia,2010,0.0,358.0,16.0,379.0,373.0
Croatia,2011,0.0,349.0,32.0,384.0,381.0
Croatia,2012,0.0,323.0,57.0,391.0,381.0
Croatia,2013,0.0,334.0,61.0,407.0,395.0
Croatia,2014,1.0,312.0,64.0,390.0,377.0
Croatia,2015,0.0,317.0,72.0,398.0,389.0
Croatia,2016,0.0,314.0,86.0,409.0,400.0
Croatia,2017,0.0,307.0,100.0,424.0,407.0
Croatia,2018,0.0,293.0,112.0,443.0,406.0
Croatia,2019,0.0,272.0,138.0,459.0,410.0
Croatia,2020,1.0,261.0,127.0,433.0,390.0
Croatia,2021,1.0,266.0,143.0,456.0,410.0
Croatia,2022,1.0,266.0,164.0,478.0,430.0
Croatia,2023,8.0,246.0,171.0,475.0,425.0
Croatia,2024,7.0,247.0,178.0,486.0,434.0
Cyprus,1995,0.0,595.0,0.0,595.0,595.0
Cyprus,1996,0.0,588.0,17.0,605.0,605.0
Cyprus,1997,0.0,593.0,19.0,612.0,612.0
Cyprus,1998,0.0,598.0,18.0,616.0,616.0
Cyprus,1999,0.0,601.0,19.0,620.0,620.0
Cyprus,2000,0.0,609.0,19.0,628.0,628.0
Cyprus,2001,0.0,630.0,20.0,650.0,650.0
Cyprus,2002,0.0,634.0,21.0,655.0,655.0
Cyprus,2003,0.0,650.0,21.0,670.0,670.0
Cyprus,2004,0.0,662.0,23.0,684.0,684.0
Cyprus,2005,0.0,663.0,25.0,688.0,688.0
Cyprus,2006,0.0,665.0,30.0,695.0,695.0
Cyprus,2007,0.0,668.0,36.0,704.0,704.0
Cyprus,2008,0.0,675.0,54.0,729.0,729.0
Cyprus,2009,0.0,668.0,61.0,729.0,729.0
Cyprus,2010,0.0,600.0,79.0,711.0,679.0
Cyprus,2011,0.0,559.0,77.0,692.0,636.0
Cyprus,2012,0.0,541.0,86.0,681.0,628.0
Cyprus,2013,0.0,503.0,88.0,634.0,592.0
Cyprus,2014,5.0,463.0,91.0,613.0,560.0
Cyprus,2015,0.0,475.0,104.0,626.0,580.0
Cyprus,2016,2.0,490.0,104.0,638.0,596.0
Cyprus,2017,2.0,484.0,104.0,631.0,590.0
Cyprus,2018,5.0,444.0,110.0,651.0,559.0
Cyprus,2019,6.0,423.0,111.0,653.0,541.0
Cyprus,2020,9.0,401.0,105.0,614.0,514.0
Cyprus,2021,15.0,384.0,89.0,635.0,488.0
Cyprus,2022,16.0,387.0,97.0,654.0,499.0
Cyprus,2023,16.0,406.0,104.0,661.0,526.0
Cyprus,2024,17.0,457.0,109.0,688.0,582.0
Czechia,1995,0.0,302.0,0.0,302.0,302.0
Czechia,1996,0.0,310.0,0.0,310.0,310.0
Czechia,1997,0.0,318.0,0.0,318.0,318.0
Czechia,1998,17.0,272.0,2.0,293.0,291.0
Czechia,1999,30.0,277.0,3.0,327.0,310.0
Czechia,2000,31.0,283.0,3.0,335.0,317.0
Czechia,2001,35.0,215.0,2.0,274.0,253.0
Czechia,2002,39.0,206.0,3.0,279.0,247.0
Czechia,2003,39.0,201.0,3.0,280.0,243.0
Czechia,2004,40.0,180.0,15.0,279.0,235.0
Czechia,2005,37.0,189.0,18.0,289.0,244.0
Czechia,2006,38.0,200.0,22.0,297.0,260.0
Czechia,2007,38.0,206.0,30.0,294.0,274.0
Czechia,2008,36.0,198.0,32.0,306.0,265.0
Czechia,2009,36.0,202.0,39.0,317.0,277.0
Czechia,2010,47.0,206.0,50.0,318.0,304.0
Czechia,2011,58.0,206.0,54.0,320.0,319.0
Czechia,2012,62.0,174.0,71.0,308.0,308.0
Czechia,2013,60.0,173.0,74.0,307.0,307.0
Czechia,2014,57.0,174.0,79.0,310.0,310.0
Czechia,2015,56.0,166.0,94.0,316.0,316.0
Czechia,2016,56.0,169.0,114.0,339.0,339.0
Czechia,2017,85.0,222.0,157.0,489.0,467.0
Czechia,2018,83.0,229.0,159.0,494.0,473.0
Czechia,2019,82.0,231.0,167.0,500.0,482.0
Czechia,2020,69.0,259.0,220.0,543.0,550.0
Czechia,2021,69.0,263.0,247.0,570.0,581.0
Czechia,2022,67.0,249.0,227.0,549.0,543.0
Czechia,2023,76.0,228.0,234.0,538.0,538.0
Denmark,1995,293.0,96.0,131.0,521.0,521.0
Denmark,1996,307.0,82.0,229.0,618.0,618.0
Denmark,1997,314.0,65.0,208.0,587.0,587.0
Denmark,1998,312.0,67.0,213.0,592.0,592.0
Denmark,1999,314.0,68.0,244.0,626.0,626.0
Denmark,2000,351.0,66.0,246.0,664.0,664.0
Denmark,2001,373.0,47.0,237.0,657.0,657.0
Denmark,2002,374.0,41.0,250.0,664.0,664.0
Denmark,2003,363.0,34.0,274.0,671.0,671.0
Denmark,2004,379.0,31.0,285.0,695.0,695.0
Denmark,2005,396.0,38.0,302.0,736.0,736.0
Denmark,2006,393.0,37.0,309.0,740.0,740.0
Denmark,2007,403.0,37.0,349.0,790.0,790.0
Denmark,2008,400.0,32.0,398.0,830.0,830.0
Denmark,2009,367.0,24.0,371.0,762.0,762.0
Denmark,2011,474.0,22.0,365.0,862.0,862.0
Denmark,2012,446.0,18.0,342.0,806.0,806.0
Denmark,2013,447.0,14.0,352.0,813.0,813.0
Denmark,2014,430.0,12.0,367.0,808.0,808.0
Denmark,2015,422.0,11.0,390.0,822.0,822.0
Denmark,2016,419.0,10.0,402.0,830.0,830.0
Denmark,2017,421.0,8.0,390.0,820.0,820.0
Denmark,2018,397.0,9.0,406.0,814.0,812.0
Denmark,2019,401.0,8.0,435.0,844.0,844.0
Denmark,2020,435.0,7.0,366.0,814.0,813.0
Denmark,2021,395.0,13.0,392.0,800.0,800.0
Denmark,2022,363.0,12.0,382.0,759.0,759.0
Denmark,2023,387.0,14.0,354.0,759.0,759.0
Denmark,2024,386.0,15.0,350.0,755.0,755.0
Estonia,1995,0.0,368.0,2.0,371.0,370.0
Estonia,1996,0.0,398.0,1.0,399.0,399.0
Estonia,1997,0.0,423.0,1.0,424.0,424.0
Estonia,1998,0.0,401.0,1.0,402.0,402.0
Estonia,1999,0.0,409.0,0.0,409.0,409.0
Estonia,2000,0.0,430.0,10.0,453.0,441.0
Estonia,2001,0.0,290.0,19.0,366.0,310.0
Estonia,2002,0.0,304.0,11.0,401.0,315.0
Estonia,2003,0.0,271.0,62.0,414.0,333.0
Estonia,2004,0.0,281.0,110.0,445.0,392.0
Estonia,2005,0.0,273.0,98.0,433.0,371.0
Estonia,2006,1.0,277.0,69.0,398.0,347.0
Estonia,2007,1.0,291.0,104.0,449.0,396.0
Estonia,2008,1.0,249.0,79.0,392.0,329.0
Estonia,2009,0.0,215.0,71.0,339.0,287.0
Estonia,2010,0.0,201.0,55.0,305.0,256.0
Estonia,2011,0.0,180.0,70.0,301.0,250.0
Estonia,2012,35.0,98.0,54.0,280.0,187.0
Estonia,2013,163.0,40.0,52.0,293.0,255.0
Estonia,2014,169.0,23.0,111.0,357.0,303.0
Estonia,2015,185.0,26.0,102.0,359.0,313.0
Estonia,2016,184.0,39.0,105.0,376.0,344.0
Estonia,2017,165.0,75.0,110.0,390.0,373.0
Estonia,2018,167.0,87.0,114.0,405.0,382.0
Estonia,2019,167.0,64.0,114.0,369.0,345.0
Estonia,2020,164.0,56.0,111.0,383.0,331.0
Estonia,2021,192.0,78.0,120.0,395.0,389.0
Estonia,2022,157.0,49.0,124.0,373.0,330.0
Estonia,2023,159.0,2.0,142.0,373.0,339.0
Estonia,2024,158.0,48.0,136.0,375.0,343.0
European Union - 27 countries (from 2020),1995,70.0,286.0,88.0,467.0,443.0
European Union - 27 countries (from 2020),1996,71.0,276.0,100.0,478.0,447.0
European Union - 27 countries (from 2020),1997,77.0,276.0,110.0,491.0,464.0
European Union - 27 countries (from 2020),1998,78.0,266.0,117.0,487.0,461.0
European Union - 27 countries (from 2020),1999,79.0,263.0,130.0,500.0,472.0
European Union - 27 countries (from 2020),2000,84.0,262.0,140.0,513.0,486.0
European Union - 27 countries (from 2020),2001,87.0,250.0,146.0,509.0,483.0
European Union - 27 countries (from 2020),2002,90.0,241.0,157.0,515.0,488.0
European Union - 27 countries (from 2020),2003,90.0,229.0,156.0,502.0,475.0
European Union - 27 countries (from 2020),2004,95.0,214.0,159.0,500.0,469.0
European Union - 27 countries (from 2020),2005,103.0,202.0,164.0,506.0,469.0
European Union - 27 countries (from 2020),2006,111.0,202.0,170.0,513.0,482.0
European Union - 27 countries (from 2020),2007,112.0,199.0,182.0,517.0,493.0
European Union - 27 countries (from 2020),2008,116.0,190.0,189.0,517.0,495.0
European Union - 27 countries (from 2020),2009,117.0,185.0,190.0,509.0,493.0
European Union - 27 countries (from 2020),2010,120.0,178.0,191.0,503.0,489.0
European Union - 27 countries (from 2020),2011,125.0,167.0,194.0,499.0,486.0
European Union - 27 countries (from 2020),2012,122.0,153.0,199.0,487.0,474.0
European Union - 27 countries (from 2020),2013,125.0,142.0,199.0,479.0,466.0
European Union - 27 countries (from 2020),2014,128.0,134.0,208.0,479.0,469.0
European Union - 27 countries (from 2020),2015,129.0,127.0,216.0,481.0,472.0
European Union - 27 countries (from 2020),2016,130.0,128.0,227.0,494.0,485.0
European Union - 27 countries (from 2020),2017,132.0,127.0,231.0,500.0,491.0
European Union - 27 countries (from 2020),2018,131.0,125.0,232.0,501.0,489.0
European Union - 27 countries (from 2020),2019,131.0,124.0,238.0,505.0,494.0
European Union - 27 countries (from 2020),2020,138.0,120.0,252.0,521.0,510.0
European Union - 27 countries (from 2020),2021,138.0,117.0,266.0,534.0,523.0
European Union - 27 countries (from 2020),2022,132.0,116.0,252.0,514.0,501.0
European Union - 27 countries (from 2020),2023,0.0,0.0,245.0,511.0,0.0
European Union - 27 countries (from 2020),2024,135.0,110.0,248.0,517.0,494.0
Finland,1995,0.0,267.0,139.0,413.0,406.0
Finland,1996,0.0,274.0,138.0,410.0,412.0
Finland,1997,0.0,281.0,150.0,447.0,453.0
Finland,1998,0.0,294.0,157.0,466.0,478.0
Finland,1999,0.0,280.0,163.0,484.0,481.0
Finland,2000,0.0,305.0,169.0,502.0,526.0
Finland,2001,41.0,284.0,156.0,465.0,482.0
Finland,2002,42.0,286.0,154.0,458.0,481.0
Finland,2003,49.0,277.0,157.0,466.0,483.0
Finland,2004,54.0,272.0,158.0,469.0,484.0
Finland,2005,43.0,282.0,160.0,478.0,485.0
Finland,2006,42.0,286.0,166.0,494.0,494.0
Finland,2007,59.0,267.0,180.0,506.0,506.0
Finland,2008,90.0,265.0,179.0,521.0,533.0
Finland,2009,87.0,221.0,172.0,480.0,480.0
Finland,2010,104.0,212.0,154.0,470.0,470.0
Finland,2011,126.0,203.0,176.0,505.0,504.0
Finland,2012,171.0,166.0,168.0,506.0,506.0
Finland,2013,209.0,124.0,160.0,493.0,493.0
Finland,2014,241.0,84.0,157.0,482.0,482.0
Finland,2015,239.0,57.0,203.0,500.0,500.0
Finland,2016,276.0,16.0,212.0,504.0,504.0
Finland,2017,299.0,5.0,207.0,510.0,510.0
Finland,2018,314.0,4.0,233.0,551.0,551.0
Finland,2019,314.0,5.0,246.0,566.0,566.0
Finland,2020,350.0,3.0,257.0,609.0,609.0
Finland,2021,382.0,3.0,246.0,630.0,630.0
Finland,2022,292.0,2.0,228.0,522.0,522.0
Finland,2023,256.0,2.0,209.0,468.0,468.0
Finland,2024,236.0,2.0,219.0,457.0,457.0
France,1995,178.0,213.0,84.0,475.0,475.0
France,1996,170.0,225.0,91.0,486.0,486.0
France,1997,170.0,227.0,99.0,496.0,496.0
France,1998,167.0,230.0,110.0,507.0,507.0
France,1999,168.0,223.0,116.0,507.0,507.0
France,2000,169.0,219.0,126.0,514.0,514.0
France,2001,174.0,214.0,137.0,526.0,526.0
France,2002,180.0,205.0,145.0,530.0,530.0
France,2003,172.0,192.0,142.0,506.0,506.0
France,2004,180.0,188.0,150.0,519.0,519.0
France,2005,183.0,193.0,154.0,529.0,529.0
France,2006,182.0,189.0,164.0,535.0,535.0
France,2007,181.0,186.0,175.0,542.0,542.0
France,2008,182.0,174.0,182.0,538.0,538.0
France,2009,184.0,162.0,188.0,534.0,534.0
France,2010,186.0,155.0,192.0,534.0,534.0
France,2011,188.0,149.0,196.0,534.0,534.0
France,2012,186.0,142.0,199.0,527.0,527.0
France,2013,184.0,134.0,201.0,520.0,520.0
France,2014,183.0,128.0,205.0,517.0,517.0
France,2015,183.0,122.0,210.0,516.0,516.0
France,2016,175.0,158.0,220.0,553.0,553.0
France,2017,174.0,160.0,224.0,558.0,558.0
France,2018,173.0,145.0,227.0,557.0,545.0
France,2019,171.0,144.0,228.0,555.0,543.0
France,2020,175.0,129.0,210.0,534.0,516.0
France,2021,173.0,133.0,231.0,564.0,537.0
France,2022,177.0,116.0,214.0,534.0,507.0
France,2023,173.0,112.0,212.0,527.0,497.0
France,2024,170.0,110.0,217.0,530.0,497.0
Germany,1995,110.0,267.0,246.0,623.0,623.0
Germany,1996,120.0,250.0,271.0,641.0,641.0
Germany,1997,126.0,242.0,290.0,658.0,658.0
Germany,1998,127.0,225.0,295.0,647.0,647.0
Germany,1999,130.0,181.0,326.0,638.0,638.0
Germany,2000,138.0,167.0,337.0,642.0,642.0
Germany,2001,140.0,161.0,331.0,632.0,632.0
Germany,2002,144.0,137.0,359.0,640.0,640.0
Germany,2003,138.0,115.0,347.0,601.0,601.0
Germany,2004,152.0,104.0,331.0,587.0,587.0
Germany,2005,172.0,48.0,344.0,565.0,565.0
Germany,2006,210.0,4.0,350.0,564.0,564.0
Germany,2007,211.0,4.0,368.0,582.0,582.0
Germany,2008,210.0,3.0,376.0,589.0,589.0
Germany,2009,216.0,2.0,374.0,592.0,592.0
Germany,2010,223.0,3.0,376.0,602.0,602.0
Germany,2011,229.0,3.0,394.0,626.0,626.0
Germany,2012,214.0,1.0,404.0,619.0,619.0
Germany,2013,207.0,8.0,392.0,615.0,608.0
Germany,2014,208.0,8.0,414.0,631.0,631.0
Germany,2015,202.0,8.0,422.0,632.0,632.0
Germany,2016,202.0,6.0,425.0,633.0,633.0
Germany,2017,200.0,5.0,421.0,627.0,627.0
Germany,2018,195.0,5.0,407.0,606.0,606.0
Germany,2019,198.0,5.0,406.0,609.0,609.0
Germany,2020,194.0,5.0,451.0,641.0,641.0
Germany,2021,191.0,2.0,462.0,648.0,648.0
Germany,2022,183.0,5.0,424.0,608.0,608.0
Germany,2023,186.0,6.0,421.0,613.0,613.0
Germany,2024,198.0,10.0,420.0,628.0,628.0
Greece,1995,0.0,312.0,0.0,303.0,330.0
Greece,1996,0.0,324.0,0.0,339.0,346.0
Greece,1997,0.0,332.0,34.0,366.0,366.0
Greece,1998,0.0,347.0,34.0,381.0,381.0
Greece,1999,0.0,361.0,35.0,396.0,396.0
Greece,2000,0.0,375.0,36.0,412.0,412.0
Greece,2001,0.0,383.0,37.0,420.0,420.0
Greece,2002,0.0,388.0,37.0,426.0,426.0
Greece,2003,0.0,396.0,35.0,431.0,431.0
Greece,2004,0.0,392.0,44.0,436.0,436.0
Greece,2005,0.0,391.0,52.0,442.0,443.0
Greece,2006,0.0,390.0,57.0,447.0,447.0
Greece,2007,0.0,362.0,91.0,453.0,453.0
Greece,2008,0.0,377.0,81.0,458.0,458.0
Greece,2009,0.0,376.0,88.0,464.0,464.0
Greece,2010,0.0,441.0,91.0,532.0,532.0
Greece,2011,1.0,412.0,89.0,503.0,503.0
Greece,2012,3.0,408.0,84.0,495.0,495.0
Greece,2013,0.0,403.0,76.0,482.0,482.0
Greece,2014,0.0,410.0,75.0,488.0,488.0
Greece,2015,0.0,409.0,77.0,488.0,488.0
Greece,2016,3.0,410.0,86.0,498.0,498.0
Greece,2017,5.0,403.0,95.0,504.0,504.0
Greece,2018,8.0,403.0,103.0,515.0,515.0
Greece,2019,7.0,407.0,110.0,524.0,524.0
Greece,2020,8.0,400.0,90.0,499.0,499.0
Greece,2021,8.0,411.0,89.0,509.0,509.0
Greece,2022,8.0,420.0,90.0,519.0,519.0
Greece,2023,9.0,422.0,91.0,523.0,523.0
Hungary,1995,32.0,337.0,7.0,460.0,376.0
Hungary,1996,32.0,358.0,8.0,469.0,398.0
Hungary,1997,32.0,382.0,8.0,487.0,422.0
Hungary,1998,35.0,383.0,8.0,485.0,426.0
Hungary,1999,34.0,393.0,8.0,483.0,435.0
Hungary,2000,34.0,366.0,7.0,446.0,407.0
Hungary,2001,35.0,363.0,7.0,452.0,405.0
Hungary,2002,28.0,378.0,11.0,457.0,418.0
Hungary,2003,24.0,392.0,16.0,464.0,432.0
Hungary,2004,15.0,382.0,53.0,454.0,450.0
Hungary,2005,30.0,383.0,44.0,461.0,457.0
Hungary,2006,39.0,377.0,49.0,468.0,464.0
Hungary,2007,38.0,341.0,55.0,457.0,434.0
Hungary,2008,39.0,333.0,69.0,454.0,441.0
Hungary,2009,41.0,320.0,66.0,430.0,427.0
Hungary,2010,41.0,284.0,79.0,403.0,403.0
Hungary,2011,41.0,257.0,84.0,382.0,382.0
Hungary,2012,37.0,263.0,102.0,402.0,402.0
Hungary,2013,34.0,245.0,100.0,379.0,379.0
Hungary,2014,38.0,222.0,118.0,386.0,378.0
Hungary,2015,54.0,203.0,122.0,379.0,379.0
Hungary,2016,57.0,193.0,132.0,381.0,383.0
Hungary,2017,63.0,188.0,136.0,387.0,386.0
Hungary,2018,52.0,191.0,144.0,384.0,386.0
Hungary,2019,53.0,198.0,140.0,390.0,391.0
Hungary,2020,49.0,220.0,130.0,406.0,406.0
Hungary,2021,52.0,214.0,146.0,420.0,420.0
Hungary,2022,48.0,225.0,134.0,407.0,407.0
Hungary,2023,53.0,233.0,143.0,429.0,429.0
Hungary,2024,55.0,220.0,139.0,414.0,414.0
Iceland,1995,56.0,322.0,34.0,426.0,449.0
Iceland,1996,56.0,327.0,41.0,435.0,443.0
Iceland,1997,55.0,332.0,37.0,443.0,435.0
Iceland,1998,55.0,336.0,47.0,449.0,445.0
Iceland,1999,54.0,342.0,58.0,454.0,458.0
Iceland,2000,60.0,349.0,71.0,462.0,480.0
Iceland,2001,39.0,351.0,74.0,467.0,463.0
Iceland,2002,35.0,358.0,77.0,476.0,470.0
Iceland,2003,45.0,363.0,79.0,484.0,487.0
Iceland,2004,51.0,363.0,0.0,503.0,493.0
Iceland,2005,44.0,364.0,0.0,516.0,408.0
Iceland,2006,43.0,385.0,0.0,563.0,428.0
Iceland,2007,55.0,376.0,0.0,558.0,430.0
Iceland,2008,41.0,488.0,126.0,655.0,655.0
Iceland,2009,35.0,295.0,85.0,414.0,414.0
Iceland,2010,38.0,346.0,101.0,484.0,484.0
Iceland,2011,31.0,339.0,125.0,495.0,495.0
Iceland,2012,28.0,343.0,143.0,511.0,514.0
Iceland,2013,19.0,340.0,154.0,516.0,513.0
Iceland,2014,21.0,354.0,159.0,535.0,535.0
Iceland,2015,20.0,342.0,166.0,588.0,528.0
Iceland,2016,25.0,375.0,217.0,655.0,655.0
Iceland,2017,24.0,416.0,168.0,656.0,656.0
Iceland,2018,33.0,418.0,193.0,702.0,701.0
Iceland,2020,64.0,293.0,162.0,614.0,614.0
Iceland,2021,55.0,263.0,175.0,659.0,659.0
Iceland,2022,93.0,196.0,138.0,595.0,595.0
Iceland,2023,119.0,162.0,184.0,580.0,580.0
Ireland,1995,0.0,395.0,0.0,512.0,430.0
Ireland,1996,0.0,417.0,0.0,522.0,453.0
Ireland,1997,0.0,437.0,0.0,544.0,477.0
Ireland,1998,0.0,476.0,45.0,554.0,521.0
Ireland,1999,0.0,514.0,0.0,577.0,569.0
Ireland,2000,0.0,550.0,71.0,599.0,621.0
Ireland,2001,0.0,536.0,79.0,699.0,615.0
Ireland,2002,0.0,500.0,126.0,692.0,627.0
Ireland,2003,0.0,476.0,173.0,730.0,649.0
Ireland,2004,0.0,447.0,217.0,737.0,664.0
Ireland,2005,0.0,441.0,227.0,731.0,668.0
Ireland,2006,0.0,463.0,262.0,792.0,725.0
Ireland,2007,0.0,458.0,264.0,772.0,722.0
Ireland,2008,18.0,432.0,241.0,718.0,691.0
Ireland,2009,24.0,380.0,218.0,651.0,623.0
Ireland,2010,24.0,328.0,223.0,624.0,575.0
Ireland,2011,43.0,293.0,222.0,616.0,559.0
Ireland,2012,93.0,223.0,214.0,585.0,530.0
Ireland,2014,192.0,115.0,224.0,562.0,531.0
Ireland,2016,170.0,149.0,236.0,580.0,571.0
Ireland,2017,182.0,129.0,232.0,573.0,564.0
Ireland,2018,254.0,85.0,224.0,595.0,585.0
Ireland,2019,284.0,95.0,232.0,620.0,610.0
Ireland,2020,268.0,103.0,260.0,637.0,631.0
Ireland,2021,257.0,99.0,256.0,619.0,614.0
Ireland,2022,262.0,88.0,254.0,612.0,605.0
Ireland,2023,251.0,85.0,247.0,590.0,584.0
Italy,1995,24.0,422.0,22.0,454.0,468.0
Italy,1996,21.0,380.0,29.0,457.0,431.0
Italy,1997,31.0,374.0,44.0,468.0,448.0
Italy,1998,34.0,365.0,52.0,472.0,451.0
Italy,1999,37.0,382.0,60.0,498.0,480.0
Italy,2000,39.0,385.0,72.0,509.0,497.0
Italy,2001,44.0,349.0,92.0,516.0,486.0
Italy,2002,47.0,328.0,77.0,523.0,453.0
Italy,2003,55.0,312.0,85.0,523.0,452.0
Italy,2004,61.0,305.0,95.0,539.0,460.0
Italy,2005,66.0,294.0,101.0,544.0,461.0
Italy,2006,71.0,299.0,107.0,557.0,477.0
Italy,2007,69.0,288.0,138.0,554.0,495.0
Italy,2008,74.0,271.0,131.0,548.0,476.0
Italy,2009,80.0,261.0,160.0,539.0,501.0
Italy,2010,91.0,251.0,168.0,542.0,510.0
Italy,2011,93.0,220.0,185.0,523.0,499.0
Italy,2012,92.0,195.0,191.0,498.0,478.0
Italy,2013,99.0,181.0,193.0,490.0,473.0
Italy,2014,97.0,155.0,205.0,492.0,457.0
Italy,2015,100.0,130.0,217.0,490.0,447.0
Italy,2016,98.0,124.0,230.0,501.0,455.0
Italy,2017,94.0,115.0,235.0,493.0,449.0
Italy,2018,96.0,108.0,251.0,504.0,459.0
Italy,2019,99.0,105.0,258.0,503.0,462.0
Italy,2020,94.0,98.0,250.0,487.0,443.0
Italy,2021,95.0,95.0,257.0,495.0,452.0
Italy,2022,90.0,88.0,259.0,486.0,439.0
Italy,2023,94.0,78.0,249.0,489.0,423.0
Kosovo*,2015,0.0,177.0,0.0,178.0,0.0
Kosovo*,2016,0.0,222.0,0.0,0.0,0.0
Kosovo*,2017,0.0,228.0,0.0,229.0,229.0
Kosovo*,2018,0.0,226.0,0.0,226.0,226.0
Kosovo*,2019,0.0,252.0,0.0,252.0,252.0
Kosovo*,2020,0.0,255.0,0.0,255.0,255.0
Kosovo*,2021,0.0,264.0,7.0,271.0,271.0
Kosovo*,2022,0.0,275.0,7.0,283.0,283.0
Kosovo*,2023,0.0,268.0,9.0,277.0,277.0
Kosovo*,2024,0.0,267.0,0.0,267.0,267.0
Latvia,1995,0.0,184.0,0.0,264.0,184.0
Latvia,1996,0.0,194.0,0.0,265.0,194.0
Latvia,1997,0.0,208.0,0.0,255.0,208.0
Latvia,1998,0.0,223.0,0.0,248.0,223.0
Latvia,1999,0.0,237.0,0.0,256.0,237.0
Latvia,2000,0.0,252.0,0.0,271.0,252.0
Latvia,2001,4.0,269.0,1.0,305.0,274.0
Latvia,2002,5.0,285.0,1.0,343.0,291.0
Latvia,2003,5.0,253.0,7.0,304.0,265.0
Latvia,2004,6.0,265.0,14.0,318.0,286.0
Latvia,2005,3.0,251.0,12.0,320.0,266.0
Latvia,2006,2.0,302.0,15.0,343.0,320.0
Latvia,2007,2.0,334.0,20.0,391.0,355.0
Latvia,2008,1.0,324.0,22.0,345.0,347.0
Latvia,2009,0.0,324.0,27.0,352.0,352.0
Latvia,2010,0.0,294.0,30.0,324.0,324.0
Latvia,2011,0.0,258.0,34.0,350.0,292.0
Latvia,2012,1.0,254.0,47.0,323.0,302.0
Latvia,2013,6.0,259.0,90.0,350.0,355.0
Latvia,2014,5.0,258.0,98.0,364.0,362.0
Latvia,2015,8.0,250.0,116.0,404.0,373.0
Latvia,2016,10.0,263.0,103.0,410.0,376.0
Latvia,2017,11.0,267.0,102.0,411.0,380.0
Latvia,2018,8.0,240.0,103.0,407.0,351.0
Latvia,2019,15.0,252.0,180.0,439.0,446.0
Latvia,2020,13.0,253.0,190.0,478.0,455.0
Latvia,2021,16.0,242.0,203.0,461.0,461.0
Latvia,2022,14.0,202.0,236.0,464.0,451.0
Latvia,2023,0.0,0.0,221.0,437.0,0.0
Latvia,2024,30.0,142.0,244.0,462.0,417.0
Lithuania,1995,0.0,426.0,0.0,426.0,426.0
Lithuania,1996,0.0,401.0,0.0,401.0,401.0
Lithuania,1997,0.0,422.0,0.0,422.0,422.0
Lithuania,1998,0.0,445.0,0.0,445.0,445.0
Lithuania,1999,0.0,351.0,0.0,351.0,351.0
Lithuania,2000,0.0,345.0,0.0,365.0,346.0
Lithuania,2001,0.0,337.0,0.0,378.0,337.0
Lithuania,2002,0.0,325.0,0.0,405.0,325.0
Lithuania,2003,0.0,333.0,0.0,389.0,333.0
Lithuania,2004,0.0,341.0,7.0,373.0,348.0
Lithuania,2005,0.0,353.0,7.0,387.0,361.0
Lithuania,2006,0.0,370.0,8.0,405.0,378.0
Lithuania,2007,0.0,385.0,31.0,419.0,417.0
Lithuania,2008,0.0,387.0,36.0,428.0,423.0
Lithuania,2009,0.0,345.0,32.0,381.0,378.0
Lithuania,2010,0.0,348.0,20.0,404.0,369.0
Lithuania,2011,2.0,341.0,88.0,442.0,432.0
Lithuania,2012,0.0,325.0,104.0,445.0,429.0
Lithuania,2013,31.0,270.0,120.0,432.0,421.0
Lithuania,2014,38.0,254.0,132.0,432.0,425.0
Lithuania,2015,51.0,241.0,148.0,447.0,441.0
Lithuania,2016,77.0,132.0,212.0,442.0,421.0
Lithuania,2017,83.0,148.0,218.0,453.0,449.0
Lithuania,2018,58.0,114.0,243.0,461.0,414.0
Lithuania,2019,69.0,101.0,233.0,469.0,412.0
Lithuania,2020,124.0,78.0,217.0,480.0,426.0
Lithuania,2021,168.0,74.0,212.0,479.0,459.0
Lithuania,2022,177.0,63.0,225.0,465.0,467.0
Lithuania,2023,180.0,35.0,220.0,446.0,441.0
Lithuania,2024,179.0,26.0,242.0,462.0,456.0
Luxembourg,1995,310.0,159.0,118.0,587.0,587.0
Luxembourg,1996,304.0,162.0,118.0,585.0,585.0
Luxembourg,1997,298.0,144.0,162.0,604.0,604.0
Luxembourg,1998,287.0,145.0,194.0,625.0,625.0
Luxembourg,1999,309.0,139.0,198.0,646.0,646.0
Luxembourg,2000,282.0,137.0,234.0,654.0,654.0
Luxembourg,2001,274.0,131.0,241.0,646.0,646.0
Luxembourg,2002,274.0,129.0,250.0,653.0,653.0
Luxembourg,2003,266.0,126.0,286.0,678.0,678.0
Luxembourg,2004,284.0,113.0,281.0,679.0,679.0
Luxembourg,2005,254.0,126.0,293.0,672.0,672.0
Luxembourg,2006,265.0,119.0,299.0,683.0,683.0
Luxembourg,2007,266.0,116.0,313.0,695.0,695.0
Luxembourg,2008,269.0,108.0,320.0,697.0,697.0
Luxembourg,2009,262.0,102.0,315.0,679.0,679.0
Luxembourg,2010,256.0,108.0,315.0,679.0,679.0
Luxembourg,2011,261.0,97.0,308.0,666.0,666.0
Luxembourg,2012,249.0,93.0,310.0,652.0,652.0
Luxembourg,2013,243.0,88.0,285.0,616.0,616.0
Luxembourg,2014,237.0,89.0,299.0,626.0,626.0
Luxembourg,2015,274.0,45.0,288.0,607.0,607.0
Luxembourg,2016,379.0,35.0,401.0,815.0,815.0
Luxembourg,2017,372.0,36.0,390.0,798.0,798.0
Luxembourg,2018,375.0,35.0,393.0,803.0,803.0
Luxembourg,2019,369.0,35.0,387.0,791.0,791.0
Luxembourg,2020,341.0,31.0,418.0,790.0,790.0
Luxembourg,2021,323.0,32.0,438.0,793.0,793.0
Luxembourg,2022,299.0,20.0,402.0,721.0,721.0
Luxembourg,2023,292.0,21.0,406.0,718.0,718.0
Luxembourg,2024,273.0,18.0,389.0,681.0,681.0
Malta,1995,0.0,335.0,52.0,387.0,387.0
Malta,1996,0.0,362.0,50.0,412.0,412.0
Malta,1997,0.0,387.0,48.0,436.0,436.0
Malta,1998,0.0,413.0,46.0,459.0,459.0
Malta,1999,0.0,431.0,35.0,466.0,466.0
Malta,2000,0.0,481.0,52.0,533.0,533.0
Malta,2001,0.0,492.0,48.0,540.0,540.0
Malta,2002,0.0,515.0,26.0,541.0,541.0
Malta,2003,0.0,541.0,39.0,580.0,579.0
Malta,2004,0.0,593.0,40.0,633.0,633.0
Malta,2005,0.0,568.0,57.0,625.0,625.0
Malta,2006,0.0,577.0,90.0,667.0,667.0
Malta,2007,0.0,646.0,31.0,677.0,677.0
Malta,2008,0.0,654.0,34.0,688.0,688.0
Malta,2009,0.0,626.0,46.0,671.0,671.0
Malta,2010,0.0,545.0,55.0,623.0,600.0
Malta,2011,6.0,512.0,96.0,622.0,615.0
Malta,2012,3.0,503.0,89.0,612.0,595.0
Malta,2013,2.0,495.0,76.0,604.0,573.0
Malta,2014,2.0,506.0,73.0,629.0,581.0
Malta,2015,2.0,676.0,70.0,643.0,748.0
Malta,2016,2.0,488.0,81.0,643.0,571.0
Malta,2017,0.0,531.0,77.0,667.0,608.0
Malta,2018,0.0,562.0,70.0,673.0,633.0
Malta,2019,0.0,636.0,63.0,697.0,700.0
Malta,2020,0.0,531.0,70.0,642.0,601.0
Malta,2021,25.0,519.0,82.0,611.0,626.0
Malta,2022,8.0,515.0,78.0,618.0,600.0
Malta,2023,16.0,444.0,105.0,603.0,565.0
Malta,2024,13.0,448.0,105.0,621.0,566.0
Montenegro,2011,0.0,438.0,0.0,525.0,439.0
Montenegro,2012,0.0,435.0,0.0,496.0,448.0
Montenegro,2013,0.0,462.0,0.0,499.0,476.0
Montenegro,2014,0.0,456.0,0.0,479.0,470.0
Montenegro,2015,0.0,472.0,0.0,498.0,489.0
Montenegro,2016,0.0,466.0,0.0,493.0,502.0
Montenegro,2017,0.0,0.0,0.0,490.0,472.0
Montenegro,2018,0.0,450.0,19.0,516.0,478.0
Montenegro,2019,0.0,483.0,29.0,545.0,517.0
Montenegro,2020,0.0,431.0,22.0,486.0,457.0
Montenegro,2021,0.0,479.0,24.0,515.0,503.0
Montenegro,2022,0.0,506.0,23.0,537.0,529.0
Montenegro,2023,0.0,536.0,21.0,570.0,557.0
Montenegro,2024,0.0,556.0,20.0,585.0,577.0
Netherlands,1995,0.0,157.0,214.0,539.0,509.0
Netherlands,1996,0.0,114.0,229.0,551.0,514.0
Netherlands,1997,0.0,69.0,251.0,576.0,538.0
Netherlands,1998,0.0,53.0,253.0,577.0,504.0
Netherlands,1999,0.0,39.0,255.0,582.0,496.0
Netherlands,2000,0.0,57.0,264.0,598.0,510.0
Netherlands,2001,0.0,49.0,260.0,595.0,507.0
Netherlands,2002,0.0,50.0,272.0,600.0,515.0
Netherlands,2003,0.0,16.0,267.0,586.0,479.0
Netherlands,2004,0.0,10.0,281.0,599.0,492.0
Netherlands,2005,0.0,10.0,280.0,599.0,492.0
Netherlands,2006,0.0,14.0,279.0,597.0,492.0
Netherlands,2007,0.0,12.0,292.0,606.0,504.0
Netherlands,2008,300.0,9.0,291.0,600.0,600.0
Netherlands,2009,291.0,9.0,289.0,589.0,589.0
Netherlands,2010,281.0,9.0,281.0,571.0,571.0
Netherlands,2011,280.0,9.0,279.0,568.0,568.0
Netherlands,2012,269.0,8.0,272.0,549.0,549.0
Netherlands,2013,256.0,8.0,262.0,526.0,526.0
Netherlands,2014,251.0,8.0,268.0,527.0,527.0
Netherlands,2015,245.0,7.0,271.0,523.0,523.0
Netherlands,2016,235.0,7.0,278.0,520.0,520.0
Netherlands,2017,226.0,7.0,280.0,513.0,513.0
Netherlands,2018,218.0,7.0,286.0,511.0,511.0
Netherlands,2019,212.0,7.0,289.0,508.0,508.0
Netherlands,2020,222.0,7.0,304.0,533.0,533.0
Netherlands,2021,210.0,7.0,297.0,513.0,513.0
Netherlands,2022,194.0,7.0,272.0,473.0,473.0
Netherlands,2023,189.0,7.0,270.0,465.0,465.0
Netherlands,2024,192.0,7.0,274.0,473.0,473.0
North Macedonia,2008,0.0,259.0,0.0,349.0,259.0
North Macedonia,2009,0.0,354.0,0.0,354.0,354.0
North Macedonia,2010,0.0,351.0,0.0,351.0,351.0
North Macedonia,2011,0.0,357.0,0.0,357.0,357.0
North Macedonia,2012,0.0,381.0,0.0,381.0,381.0
North Macedonia,2013,0.0,384.0,0.0,384.0,384.0
North Macedonia,2014,0.0,370.0,0.0,370.0,370.0
North Macedonia,2015,0.0,380.0,0.0,380.0,380.0
North Macedonia,2016,0.0,385.0,0.0,0.0,385.0
North Macedonia,2017,0.0,344.0,0.0,0.0,344.0
North Macedonia,2018,0.0,301.0,0.0,412.0,301.0
North Macedonia,2019,0.0,305.0,0.0,441.0,305.0
North Macedonia,2020,0.0,304.0,0.0,441.0,304.0
North Macedonia,2021,0.0,324.0,0.0,459.0,324.0
North Macedonia,2022,0.0,330.0,0.0,467.0,330.0
North Macedonia,2023,0.0,340.0,0.0,480.0,340.0
Norway,1995,84.0,455.0,85.0,624.0,624.0
Norway,1996,81.0,424.0,125.0,630.0,630.0
Norway,1997,83.0,382.0,152.0,618.0,618.0
Norway,1998,84.0,416.0,144.0,645.0,645.0
Norway,1999,92.0,327.0,175.0,594.0,594.0
Norway,2000,90.0,336.0,188.0,613.0,613.0
Norway,2001,107.0,92.0,160.0,361.0,361.0
Norway,2002,120.0,93.0,178.0,392.0,392.0
Norway,2003,131.0,86.0,184.0,402.0,402.0
Norway,2004,128.0,82.0,151.0,414.0,414.0
Norway,2005,142.0,77.0,167.0,426.0,426.0
Norway,2006,145.0,84.0,185.0,459.0,459.0
Norway,2007,184.0,92.0,209.0,491.0,485.0
Norway,2008,183.0,87.0,212.0,487.0,482.0
Norway,2009,195.0,67.0,202.0,470.0,464.0
Norway,2010,236.0,28.0,198.0,469.0,462.0
Norway,2011,271.0,11.0,194.0,485.0,476.0
Norway,2012,268.0,9.0,190.0,477.0,467.0
Norway,2013,285.0,10.0,194.0,496.0,489.0
Norway,2014,224.0,12.0,179.0,423.0,414.0
Norway,2015,221.0,14.0,180.0,421.0,415.0
Norway,2016,404.0,32.0,288.0,754.0,754.0
Norway,2017,396.0,26.0,290.0,748.0,748.0
Norway,2018,378.0,23.0,301.0,739.0,739.0
Norway,2019,384.0,29.0,317.0,776.0,776.0
Norway,2020,337.0,17.0,326.0,726.0,726.0
Norway,2021,399.0,25.0,305.0,799.0,799.0
Norway,2022,393.0,24.0,316.0,768.0,768.0
Norway,2023,339.0,39.0,302.0,724.0,723.0
Norway,2024,338.0,20.0,333.0,716.0,715.0
Poland,1995,0.0,279.0,5.0,285.0,285.0
Poland,1996,0.0,295.0,6.0,301.0,301.0
Poland,1997,0.0,306.0,10.0,315.0,315.0
Poland,1998,0.0,300.0,6.0,306.0,306.0
Poland,1999,0.0,312.0,6.0,319.0,319.0
Poland,2000,0.0,313.0,7.0,320.0,320.0
Poland,2001,0.0,278.0,12.0,290.0,290.0
Poland,2002,1.0,265.0,9.0,275.0,275.0
Poland,2003,1.0,252.0,7.0,260.0,260.0
Poland,2004,1.0,241.0,12.0,256.0,254.0
Poland,2005,1.0,226.0,18.0,319.0,245.0
Poland,2006,1.0,236.0,22.0,321.0,259.0
Poland,2007,1.0,239.0,25.0,322.0,264.0
Poland,2008,1.0,229.0,34.0,320.0,263.0
Poland,2009,1.0,221.0,42.0,316.0,264.0
Poland,2010,1.0,211.0,52.0,316.0,264.0
Poland,2011,1.0,221.0,36.0,319.0,258.0
Poland,2012,1.0,212.0,38.0,317.0,252.0
Poland,2013,20.0,184.0,45.0,297.0,249.0
Poland,2014,41.0,159.0,72.0,272.0,272.0
Poland,2015,38.0,155.0,93.0,286.0,286.0
Poland,2016,60.0,140.0,107.0,307.0,307.0
Poland,2017,77.0,132.0,107.0,315.0,315.0
Poland,2018,79.0,137.0,113.0,329.0,329.0
Poland,2019,77.0,145.0,114.0,336.0,336.0
Poland,2020,75.0,139.0,135.0,350.0,350.0
Poland,2021,78.0,143.0,149.0,370.0,370.0
Poland,2022,77.0,139.0,149.0,364.0,364.0
Poland,2023,76.0,111.0,101.0,367.0,288.0
Poland,2024,85.0,116.0,121.0,387.0,322.0
Portugal,1995,0.0,317.0,34.0,352.0,352.0
Portugal,1996,1.0,335.0,36.0,372.0,372.0
Portugal,1997,1.0,357.0,40.0,397.0,397.0
Portugal,1998,0.0,370.0,43.0,413.0,413.0
Portugal,1999,0.0,387.0,46.0,433.0,433.0
Portugal,2000,96.0,313.0,48.0,457.0,457.0
Portugal,2001,94.0,307.0,54.0,454.0,454.0
Portugal,2002,91.0,316.0,33.0,441.0,441.0
Portugal,2003,96.0,304.0,49.0,449.0,449.0
Portugal,2004,95.0,290.0,60.0,445.0,445.0
Portugal,2005,101.0,283.0,68.0,452.0,452.0
Portugal,2006,93.0,299.0,74.0,465.0,465.0
Portugal,2007,90.0,301.0,81.0,471.0,471.0
Portugal,2008,94.0,334.0,90.0,518.0,518.0
Portugal,2009,102.0,316.0,101.0,520.0,520.0
Portugal,2010,100.0,320.0,96.0,516.0,516.0
Portugal,2011,103.0,288.0,99.0,490.0,490.0
Portugal,2012,88.0,246.0,118.0,453.0,453.0
Portugal,2013,104.0,222.0,113.0,439.0,439.0
Portugal,2014,93.0,221.0,137.0,452.0,452.0
Portugal,2015,91.0,214.0,137.0,459.0,442.0
Portugal,2016,92.0,207.0,146.0,472.0,445.0
Portugal,2017,96.0,226.0,141.0,484.0,463.0
Portugal,2018,92.0,244.0,147.0,504.0,482.0
Portugal,2019,96.0,242.0,147.0,510.0,486.0
Portugal,2020,109.0,290.0,136.0,508.0,535.0
Portugal,2021,120.0,270.0,155.0,510.0,545.0
Portugal,2022,103.0,280.0,153.0,508.0,536.0
Portugal,2023,92.0,285.0,154.0,505.0,532.0
Portugal,2024,116.0,270.0,170.0,519.0,556.0
Romania,1995,0.0,254.0,0.0,342.0,254.0
Romania,1996,0.0,230.0,0.0,326.0,230.0
Romania,1997,0.0,257.0,0.0,326.0,257.0
Romania,1998,0.0,224.0,0.0,278.0,224.0
Romania,1999,0.0,255.0,0.0,314.0,255.0
Romania,2000,0.0,295.0,0.0,355.0,295.0
Romania,2001,0.0,269.0,6.0,341.0,275.0
Romania,2002,0.0,308.0,8.0,385.0,316.0
Romania,2003,0.0,279.0,1.0,353.0,280.0
Romania,2004,0.0,276.0,4.0,349.0,280.0
Romania,2005,0.0,301.0,7.0,383.0,308.0
Romania,2006,0.0,297.0,2.0,396.0,299.0
Romania,2007,0.0,293.0,2.0,391.0,295.0
Romania,2008,0.0,316.0,4.0,411.0,319.0
Romania,2009,0.0,303.0,4.0,381.0,307.0
Romania,2010,1.0,238.0,40.0,313.0,279.0
Romania,2011,2.0,201.0,30.0,259.0,234.0
Romania,2012,4.0,171.0,37.0,251.0,212.0
Romania,2013,5.0,175.0,34.0,254.0,214.0
Romania,2014,7.0,179.0,33.0,249.0,218.0
Romania,2015,6.0,178.0,33.0,247.0,216.0
Romania,2016,11.0,190.0,35.0,261.0,242.0
Romania,2017,12.0,207.0,38.0,272.0,259.0
Romania,2018,12.0,210.0,30.0,272.0,255.0
Romania,2019,13.0,213.0,32.0,280.0,258.0
Romania,2020,15.0,214.0,35.0,292.0,265.0
Romania,2021,18.0,223.0,37.0,302.0,280.0
Romania,2022,23.0,223.0,37.0,303.0,284.0
Romania,2023,18.0,231.0,38.0,305.0,288.0
Serbia,2006,0.0,140.0,0.0,233.0,140.0
Serbia,2007,0.0,168.0,0.0,280.0,168.0
Serbia,2008,0.0,207.0,0.0,347.0,207.0
Serbia,2009,0.0,216.0,0.0,360.0,216.0
Serbia,2010,0.0,259.0,0.0,363.0,259.0
Serbia,2011,0.0,289.0,0.0,375.0,289.0
Serbia,2012,0.0,254.0,0.0,364.0,254.0
Serbia,2013,0.0,268.0,3.0,336.0,271.0
Serbia,2014,0.0,234.0,2.0,299.0,236.0
Serbia,2015,0.0,192.0,2.0,259.0,194.0
Serbia,2016,0.0,211.0,1.0,268.0,212.0
Serbia,2017,0.0,256.0,1.0,306.0,257.0
Serbia,2018,0.0,279.0,1.0,319.0,280.0
Serbia,2019,0.0,291.0,1.0,338.0,291.0
Serbia,2020,0.0,0.0,66.0,427.0,409.0
Serbia,2021,2.0,345.0,74.0,442.0,423.0
Serbia,2022,2.0,366.0,84.0,473.0,453.0
Serbia,2023,2.0,372.0,71.0,467.0,447.0
Slovakia,1995,28.0,258.0,8.0,295.0,294.0
Slovakia,1996,28.0,247.0,8.0,275.0,282.0
Slovakia,1997,30.0,224.0,14.0,274.0,270.0
Slovakia,1998,33.0,206.0,12.0,259.0,253.0
Slovakia,1999,32.0,210.0,12.0,261.0,256.0
Slovakia,2000,39.0,196.0,13.0,254.0,249.0
Slovakia,2001,25.0,195.0,13.0,239.0,234.0
Slovakia,2002,29.0,209.0,13.0,270.0,256.0
Slovakia,2003,30.0,218.0,16.0,281.0,266.0
Slovakia,2004,34.0,209.0,16.0,261.0,261.0
Slovakia,2005,34.0,213.0,6.0,273.0,257.0
Slovakia,2006,35.0,218.0,11.0,284.0,268.0
Slovakia,2007,34.0,225.0,19.0,294.0,278.0
Slovakia,2008,29.0,237.0,23.0,313.0,290.0
Slovakia,2009,34.0,235.0,25.0,307.0,294.0
Slovakia,2010,34.0,246.0,29.0,319.0,309.0
Slovakia,2011,34.0,230.0,34.0,311.0,298.0
Slovakia,2012,31.0,224.0,41.0,306.0,296.0
Slovakia,2013,32.0,213.0,33.0,304.0,278.0
Slovakia,2014,35.0,214.0,33.0,320.0,282.0
Slovakia,2015,35.0,226.0,49.0,329.0,310.0
Slovakia,2016,36.0,228.0,80.0,348.0,345.0
Slovakia,2017,36.0,229.0,113.0,378.0,378.0
Slovakia,2018,34.0,229.0,150.0,414.0,414.0
Slovakia,2019,39.0,219.0,162.0,421.0,421.0
Slovakia,2020,35.0,218.0,217.0,478.0,470.0
Slovakia,2021,40.0,202.0,243.0,497.0,488.0
Slovakia,2022,38.0,188.0,237.0,478.0,466.0
Slovakia,2023,36.0,183.0,237.0,472.0,462.0
Slovakia,2024,35.0,186.0,247.0,489.0,476.0
Slovenia,1995,0.0,456.0,12.0,596.0,469.0
Slovenia,1996,0.0,465.0,31.0,591.0,496.0
Slovenia,1997,0.0,491.0,35.0,589.0,526.0
Slovenia,1998,0.0,513.0,56.0,585.0,569.0
Slovenia,1999,0.0,454.0,35.0,550.0,489.0
Slovenia,2000,0.0,402.0,31.0,513.0,433.0
Slovenia,2001,0.0,358.0,13.0,478.0,370.0
Slovenia,2002,2.0,357.0,37.0,407.0,397.0
Slovenia,2003,3.0,348.0,53.0,418.0,403.0
Slovenia,2004,8.0,313.0,99.0,485.0,420.0
Slovenia,2005,1.0,329.0,92.0,494.0,422.0
Slovenia,2006,0.0,361.0,80.0,516.0,442.0
Slovenia,2007,0.0,341.0,115.0,525.0,456.0
Slovenia,2008,7.0,339.0,102.0,542.0,448.0
Slovenia,2009,7.0,308.0,102.0,524.0,417.0
Slovenia,2010,4.0,279.0,110.0,490.0,393.0
Slovenia,2011,6.0,234.0,148.0,415.0,388.0
Slovenia,2012,5.0,154.0,152.0,362.0,311.0
Slovenia,2013,2.0,109.0,144.0,414.0,255.0
Slovenia,2014,1.0,101.0,156.0,432.0,257.0
Slovenia,2015,77.0,102.0,243.0,449.0,421.0
Slovenia,2016,91.0,38.0,253.0,457.0,382.0
Slovenia,2017,54.0,48.0,272.0,471.0,374.0
Slovenia,2018,50.0,47.0,287.0,486.0,384.0
Slovenia,2019,66.0,52.0,299.0,504.0,416.0
Slovenia,2020,64.0,33.0,289.0,487.0,385.0
Slovenia,2021,56.0,31.0,311.0,511.0,405.0
Slovenia,2022,62.0,39.0,305.0,487.0,409.0
Slovenia,2023,69.0,49.0,309.0,517.0,429.0
Slovenia,2024,82.0,54.0,328.0,526.0,465.0
Spain,1995,24.0,305.0,36.0,505.0,365.0
Spain,1996,24.0,295.0,41.0,530.0,360.0
Spain,1997,35.0,315.0,46.0,554.0,396.0
Spain,1998,37.0,313.0,51.0,557.0,401.0
Spain,1999,35.0,326.0,86.0,606.0,447.0
Spain,2000,36.0,334.0,120.0,653.0,491.0
Spain,2001,36.0,360.0,140.0,652.0,536.0
Spain,2002,38.0,355.0,186.0,637.0,580.0
Spain,2003,42.0,360.0,186.0,646.0,587.0
Spain,2004,31.0,304.0,185.0,600.0,521.0
Spain,2005,44.0,288.0,185.0,588.0,517.0
Spain,2006,54.0,353.0,184.0,590.0,590.0
Spain,2007,57.0,344.0,177.0,578.0,578.0
Spain,2008,47.0,285.0,219.0,551.0,551.0
Spain,2009,48.0,314.0,180.0,542.0,542.0
Spain,2010,44.0,318.0,149.0,510.0,510.0
Spain,2011,50.0,305.0,130.0,485.0,485.0
Spain,2012,45.0,284.0,139.0,468.0,468.0
Spain,2013,53.0,253.0,148.0,455.0,455.0
Spain,2014,52.0,259.0,138.0,448.0,448.0
Spain,2015,58.0,261.0,137.0,456.0,456.0
Spain,2016,56.0,251.0,157.0,464.0,464.0
Spain,2017,60.0,242.0,171.0,473.0,473.0
Spain,2018,55.0,255.0,165.0,475.0,475.0
Spain,2019,52.0,241.0,179.0,472.0,472.0
Spain,2020,47.0,229.0,187.0,463.0,463.0
Spain,2021,51.0,220.0,211.0,482.0,482.0
Spain,2022,50.0,226.0,209.0,485.0,485.0
Spain,2023,46.0,217.0,201.0,464.0,464.0
Spain,2024,47.0,216.0,194.0,456.0,456.0
Sweden,1995,148.0,136.0,101.0,386.0,386.0
Sweden,1996,147.0,126.0,119.0,391.0,391.0
Sweden,1997,150.0,130.0,135.0,416.0,416.0
Sweden,1998,165.0,115.0,153.0,434.0,434.0
Sweden,1999,163.0,104.0,160.0,426.0,426.0
Sweden,2000,164.0,97.0,164.0,425.0,425.0
Sweden,2001,169.0,99.0,171.0,439.0,439.0
Sweden,2002,188.0,92.0,185.0,465.0,465.0
Sweden,2003,208.0,64.0,192.0,464.0,464.0
Sweden,2004,216.0,42.0,202.0,461.0,461.0
Sweden,2005,242.0,23.0,214.0,479.0,479.0
Sweden,2006,232.0,25.0,234.0,491.0,491.0
Sweden,2007,240.0,20.0,228.0,488.0,488.0
Sweden,2008,249.0,15.0,222.0,485.0,485.0
Sweden,2009,234.0,6.0,232.0,472.0,472.0
Sweden,2010,226.0,4.0,211.0,441.0,441.0
Sweden,2011,237.0,3.0,213.0,453.0,453.0
Sweden,2012,239.0,3.0,213.0,454.0,454.0
Sweden,2013,233.0,3.0,220.0,455.0,455.0
Sweden,2014,222.0,3.0,219.0,443.0,443.0
Sweden,2015,233.0,4.0,215.0,451.0,451.0
Sweden,2016,228.0,3.0,217.0,447.0,447.0
Sweden,2017,239.0,2.0,212.0,452.0,452.0
Sweden,2018,232.0,3.0,199.0,434.0,434.0
Sweden,2019,236.0,3.0,209.0,449.0,449.0
Sweden,2020,259.0,2.0,165.0,431.0,427.0
Sweden,2021,249.0,2.0,165.0,418.0,418.0
Sweden,2022,233.0,2.0,157.0,395.0,393.0
Sweden,2023,230.0,4.0,154.0,392.0,390.0
Sweden,2024,225.0,3.0,197.0,427.0,425.0
Switzerland,1995,293.0,77.0,233.0,602.0,602.0
Switzerland,1996,286.0,69.0,250.0,605.0,605.0
Switzerland,1997,285.0,68.0,257.0,606.0,610.0
Switzerland,1998,280.0,66.0,268.0,614.0,614.0
Switzerland,1999,298.0,66.0,274.0,638.0,638.0
Switzerland,2000,306.0,54.0,298.0,659.0,659.0
Switzerland,2001,326.0,28.0,309.0,663.0,663.0
Switzerland,2002,350.0,11.0,317.0,678.0,678.0
Switzerland,2003,342.0,10.0,318.0,670.0,670.0
Switzerland,2004,340.0,0.0,323.0,663.0,663.0
Switzerland,2005,328.0,0.0,336.0,664.0,664.0
Switzerland,2006,355.0,0.0,357.0,712.0,712.0
Switzerland,2007,355.0,0.0,369.0,724.0,724.0
Switzerland,2008,370.0,0.0,369.0,739.0,739.0
Switzerland,2009,343.0,0.0,362.0,705.0,705.0
Switzerland,2010,352.0,0.0,359.0,711.0,711.0
Switzerland,2011,345.0,0.0,347.0,692.0,692.0
Switzerland,2012,348.0,0.0,349.0,697.0,697.0
Switzerland,2013,346.0,0.0,360.0,706.0,706.0
Switzerland,2014,341.0,0.0,393.0,733.0,733.0
Switzerland,2015,344.0,0.0,384.0,728.0,728.0
Switzerland,2016,343.0,0.0,379.0,723.0,723.0
Switzerland,2017,337.0,0.0,372.0,709.0,709.0
Switzerland,2018,335.0,0.0,371.0,706.0,706.0
Switzerland,2019,333.0,0.0,376.0,709.0,709.0
Switzerland,2020,333.0,0.0,373.0,706.0,706.0
Switzerland,2021,336.0,0.0,368.0,704.0,704.0
Switzerland,2022,324.0,0.0,353.0,677.0,677.0
Switzerland,2023,325.0,0.0,353.0,678.0,678.0
Türkiye,1995,0.0,323.0,0.0,441.0,338.0
Türkiye,1996,0.0,342.0,0.0,466.0,357.0
Türkiye,1997,0.0,359.0,0.0,499.0,377.0
Türkiye,1998,0.0,368.0,0.0,506.0,382.0
Türkiye,1999,0.0,351.0,0.0,459.0,363.0
Türkiye,2000,0.0,363.0,0.0,465.0,375.0
Türkiye,2001,0.0,376.0,0.0,476.0,386.0
Türkiye,2002,0.0,372.0,0.0,470.0,384.0
Türkiye,2003,0.0,379.0,0.0,465.0,391.0
Türkiye,2004,0.0,361.0,0.0,440.0,370.0
Türkiye,2005,0.0,379.0,0.0,458.0,389.0
Türkiye,2006,0.0,357.0,0.0,434.0,365.0
Türkiye,2007,0.0,363.0,0.0,433.0,368.0
Türkiye,2008,0.0,335.0,0.0,400.0,339.0
Türkiye,2009,0.0,357.0,0.0,419.0,361.0
Türkiye,2010,0.0,340.0,0.0,407.0,343.0
Türkiye,2011,0.0,355.0,0.0,416.0,359.0
Türkiye,2012,0.0,340.0,0.0,410.0,342.0
Türkiye,2013,0.0,332.0,0.0,406.0,334.0
Türkiye,2014,0.0,361.0,0.0,405.0,363.0
Türkiye,2015,0.0,350.0,0.0,400.0,352.0
Türkiye,2016,0.0,359.0,39.0,426.0,398.0
Türkiye,2017,0.0,359.0,39.0,425.0,398.0
Türkiye,2018,0.0,347.0,49.0,424.0,396.0
Türkiye,2019,0.0,347.0,49.0,424.0,396.0
Türkiye,2020,0.0,337.0,51.0,415.0,388.0
Türkiye,2021,0.0,338.0,51.0,416.0,389.0
Türkiye,2022,0.0,0.0,0.0,382.0,0.0
Türkiye,2023,0.0,0.0,0.0,380.0,0.0
Türkiye,2024,0.0,0.0,0.0,402.0,0.0
